[
    {
        "id": 101,
        "name": "Mohammad Abbas",
        "dept": "Medicine",
        "phone": "01569875269",
        "details": "Lorem ipsum, dolor sit amet consectetur adipisicing elit. Maiores in, vero ducimus ipsam ad aliquam ex. Delectus repellendus explicabo, non ipsam fuga cumque nostrum nisi aliquid sed porro nobis aspernatur illum doloremque a vel doloribus ea assumenda necessitatibus quaerat quibusdam recusandae cupiditate sint quasi! Temporibus, amet. Eaque deleniti tempora cum!",
        "img": "https://surecellbd.com/wp-content/uploads/2019/09/Dr.-Mahmud-Masum-Attar-400x400.jpg"
    },
    {
        "id": 102,
        "name": "Hasan Mahmud",
        "dept": "Eye Specialist",
        "phone": "01896325898",
        "details": "Lorem ipsum, dolor sit amet consectetur adipisicing elit. Maiores in, vero ducimus ipsam ad aliquam ex. Delectus repellendus explicabo, non ipsam fuga cumque nostrum nisi aliquid sed porro nobis aspernatur illum doloremque a vel doloribus ea assumenda necessitatibus quaerat quibusdam recusandae cupiditate sint quasi! Temporibus, amet. Eaque deleniti tempora cum!",
        "img": "https://surecellbd.com/wp-content/uploads/2015/11/Dr.-AKM-Mohiuddin-edited-new.jpg"
    },
    {
        "id": 103,
        "name": "Kamal Hamim",
        "dept": "Diabetes Consultant",
        "phone": "01698632589",
        "details": "Lorem ipsum, dolor sit amet consectetur adipisicing elit. Maiores in, vero ducimus ipsam ad aliquam ex. Delectus repellendus explicabo, non ipsam fuga cumque nostrum nisi aliquid sed porro nobis aspernatur illum doloremque a vel doloribus ea assumenda necessitatibus quaerat quibusdam recusandae cupiditate sint quasi! Temporibus, amet. Eaque deleniti tempora cum!",
        "img": "https://surecellbd.com/wp-content/uploads/2019/10/iqram2020.jpg"
    },
    {
        "id": 104,
        "name": "Ezaz Ahmed",
        "dept": "Neurologies Consultant",
        "phone": "01963582147",
        "details": "Lorem ipsum, dolor sit amet consectetur adipisicing elit. Maiores in, vero ducimus ipsam ad aliquam ex. Delectus repellendus explicabo, non ipsam fuga cumque nostrum nisi aliquid sed porro nobis aspernatur illum doloremque a vel doloribus ea assumenda necessitatibus quaerat quibusdam recusandae cupiditate sint quasi! Temporibus, amet. Eaque deleniti tempora cum!",
        "img": "https://surecellbd.com/wp-content/uploads/2019/10/evan2020.jpg"
    },
    {
        "id": 105,
        "name": "Erin Ahmed",
        "dept": "Kidney Specialist",
        "phone": "01785963625",
        "details": "Lorem ipsum, dolor sit amet consectetur adipisicing elit. Maiores in, vero ducimus ipsam ad aliquam ex. Delectus repellendus explicabo, non ipsam fuga cumque nostrum nisi aliquid sed porro nobis aspernatur illum doloremque a vel doloribus ea assumenda necessitatibus quaerat quibusdam recusandae cupiditate sint quasi! Temporibus, amet. Eaque deleniti tempora cum!",
        "img": "https://surecellbd.com/wp-content/uploads/2019/10/erin2020.jpg"
    },
   
    {
        "id": 106,
        "name": "Dr. Mehri Afroz Tonny",
        "dept": "Aurthopedics Specialist",
        "phone": "01693258964",
        "details": "Lorem ipsum, dolor sit amet consectetur adipisicing elit. Maiores in, vero ducimus ipsam ad aliquam ex. Delectus repellendus explicabo, non ipsam fuga cumque nostrum nisi aliquid sed porro nobis aspernatur illum doloremque a vel doloribus ea assumenda necessitatibus quaerat quibusdam recusandae cupiditate sint quasi! Temporibus, amet. Eaque deleniti tempora cum!",
        "img": "https://surecellbd.com/wp-content/uploads/2019/11/meri2020.jpg"
    }
]